CustomerID,Age,Gender,AnnualIncome,SpendingScore,PurchaseFrequency,CategoryPreference
1,22,Female,25000,78,18,Fashion
2,25,Male,28000,72,16,Electronics
3,28,Female,32000,85,20,Beauty
4,35,Male,55000,45,10,Electronics
5,42,Female,68000,38,8,Home
6,29,Female,40000,80,17,Fashion
7,31,Male,45000,65,14,Sports
8,52,Female,85000,30,6,Home
9,46,Male,72000,35,7,Electronics
10,24,Female,27000,90,22,Beauty
11,38,Male,60000,55,12,Sports
12,27,Female,35000,82,19,Fashion
13,55,Male,90000,25,5,Electronics
14,33,Female,48000,70,15,Beauty
15,41,Male,65000,42,9,Home
16,23,Female,26000,88,21,Fashion
17,30,Male,42000,75,18,Sports
18,49,Female,78000,32,7,Home
19,36,Male,58000,60,13,Electronics
20,26,Female,30000,84,20,Beauty
21,44,Male,70000,40,8,Sports
22,32,Female,47000,76,16,Fashion
23,58,Male,95000,20,4,Electronics
24,39,Female,62000,58,11,Home
25,21,Male,24000,92,23,Sports
26,34,Female,50000,68,14,Beauty
27,47,Male,76000,33,6,Home
28,28,Female,36000,86,19,Fashion
29,40,Male,64000,50,10,Electronics
30,25,Female,29000,89,22,Beauty
31,53,Male,88000,28,5,Home
32,37,Female,59000,63,13,Fashion
33,43,Male,69000,44,9,Sports
34,22,Female,25500,91,22,Beauty
35,50,Male,82000,31,6,Electronics
36,29,Female,41000,79,17,Fashion
37,35,Male,54000,57,12,Sports
38,45,Female,73000,36,7,Home
39,27,Male,33000,83,19,Electronics
40,31,Female,46000,74,16,Beauty
41,56,Male,92000,22,4,Home
42,38,Female,61000,61,13,Fashion
43,24,Male,27500,87,21,Sports
44,42,Female,67000,39,8,Beauty
45,33,Male,49000,69,15,Electronics
46,48,Female,80000,29,5,Home
47,26,Male,31000,85,20,Fashion
48,36,Female,57000,64,14,Beauty
49,54,Male,89000,24,5,Electronics
50,30,Female,43000,77,17,Sports